,city,job_title
1,Raleigh,Senior Data Center Engineer (Automation)
2,Raleigh,Data Engineer
3,Raleigh,Big Data Engineer
4,Raleigh,Data Engineer - 303426
5,Raleigh,Data Engineer
6,Raleigh,"Data Ops Engineer, ENTRY LEVEL"
7,Raleigh,Data Engineer
8,Raleigh,Data Engineer - Data Warehouse - Entry Level
9,Raleigh,Data Engineer Intern
10,Raleigh,Data Engineer
11,Raleigh,Data Engineer- 100% Remote
12,Raleigh,Data Engineer
13,Raleigh,Data Engineer
14,Raleigh,Senior Data Engineer
15,Raleigh,Data Engineer
16,Boston,Data Science Engineer - Pharma Manufacturig Sci
17,Boston,Data Engineer
18,Boston,Data Engineer
19,Boston,Data Engineer (C2)
20,Boston,Data Engineer 2
21,Boston,Data Engineer - Personalization (Remote Eligible - Americas)
22,Boston,"Data Engineer (EDW, Data Analytics Office)"
23,Boston,Data Engineer
24,Boston,"Data Engineer, Health"
25,Boston,Data Engineer
26,Boston,Data Engineer (Collection)
27,Boston,Clinical Data Engineer
28,Boston,Clinical Data Engineer
29,Boston,Data Engineer
30,Boston,Data Engineer
31,Portland,Data Engineer
32,Portland,Data Engineer
33,Portland,Data Engineer - Azure
34,Portland,Data Engineer
35,Portland,Sr. Data Engineer
36,Portland,Data Engineer
37,Portland,Sr. Azure Data Operations Engineer
38,Portland,Data Center Engineer
39,Portland,Data Operations Engineer PSJH
40,Portland,Senior Data Engineer
41,Portland,NextGen Data Engineer
42,Portland,Lead Data Engineer
43,Portland,Data Analyst/Data Scientist Engineer (Portland / Remote) — Cascade Data Labs
44,Portland,Data Engineer
45,Portland,Data Engineer
46,San+Diego,"Software Engineer 2, Big Data"
47,San+Diego,"Staff Software Engineer, Big Data"
48,San+Diego,Data and Analytics - Release Train Engineer
49,San+Diego,Data Engineer
50,San+Diego,Data Engineer - San Diego
51,San+Diego,Data Engineer
52,San+Diego,Sr. Data Engineer
53,San+Diego,JUNIOR Data Engineer
54,San+Diego,Data Engineer
55,San+Diego,Intern - Data Engineer
56,San+Diego,Staff Data Engineer
57,San+Diego,Senior Data Engineer
58,San+Diego,Data Engineer ONLY W2 NO C2C
59,San+Diego,"Python/SQL Data Engineer, Consultant - Applied Artificial Intelligence"
60,San+Diego,Data Engineer
61,Dallas,Senior Data Analytics Engineer
62,Dallas,Senior Data Engineer
63,Dallas,Sr. Data Engineer
64,Dallas,100% Remote Senior Data Engineer
65,Dallas,Data Engineer
66,Dallas,"Entry-Level Data Positions (Data Engineer, Machine Learning & Visualization)"
67,Dallas,Data Engineer
68,Dallas,Data Center Operations Engineer
69,Dallas,Big Data Engineer
70,Dallas,Big Data Support Engineer
71,Dallas,Data Engineer
72,Dallas,"Jr. Data Center Operations Engineer, Plano, TX"
73,Dallas,Snowflake Data Engineer w/ Snowpro Certification-100% Remote
74,Dallas,Data Engineer
75,Dallas,Data Engineer
76,Denver,Junior Data Engineer
77,Denver,Senior Data Engineer
78,Denver,Data Engineer
79,Denver,Data Engineer
80,Denver,Data Center Engineer I
81,Denver,Data Engineer
82,Denver,Data Engineer
83,Denver,Sr. Data Engineer
84,Denver,Data Science Engineer
85,Denver,Data Engineer Asc
86,Denver,Business Intelligence Data Engineer
87,Denver,Data Engineer
88,Denver,Cloud Data Engineer
89,Denver,Data Visualization Engineer
90,Denver,Data Engineer Asc Mgr
91,Hartford,Data Engineer-GO-St Louis or Remote
92,Hartford,Data Engineer - Healthcare
93,Hartford,Software and Data Engineer - Telecommute
94,Hartford,Data Engineer
95,Hartford,Data Engineer
96,Hartford,Sr Data Engineer
97,Hartford,Data Engineer Analyst / Developer
98,Hartford,Data Engineer
99,Hartford,End User Data Engineer - SQL - Telecommute
100,Hartford,Senior Data Engineer - Operations Data and Analytics
101,Hartford,Data Engineer
102,Atlanta,Data Engineer I/II
103,Atlanta,Data Engineer
104,Atlanta,Data Engineer
105,Atlanta,Data Engineer
106,Atlanta,Analyst - Data Engineer (December 2020 - May 2021 Graduates)
107,Atlanta,Data Engineer (x2 Openings)
108,Atlanta,Junior Data Engineer (AWS)
109,Atlanta,Digital Data Engineer
110,Atlanta,Sr. Data Engineer 10+ yrs Required
111,Atlanta,Big Data Engineer
112,Atlanta,Data Engineer
113,Atlanta,Data Engineer
114,Atlanta,Network Engineer - Data Telecom
115,Atlanta,Data Engineer
116,Atlanta,Junior Data Engineer
